Effect,Type,Estimate,SE,z_value,p_value
"C(Congruence, Treatment('Common'))[T.Congruent]",Congruence,0.0034920634920632106,0.009137558597678353,0.382165920440769,0.702338298319827
"C(Congruence, Treatment('Common'))[T.Incongruent]",Congruence,0.018452380952380668,0.009137558597678353,2.019399465965559,0.043445717015080154
Time,Time,-0.0007539682539682966,0.001917093579101473,-0.3932871416332612,0.6941074141660557
"C(Congruence, Treatment('Common'))[T.Congruent]:Time",Interaction,0.0029365079365079975,0.0026945190282433953,1.0898078305360341,0.275797803873405
"C(Congruence, Treatment('Common'))[T.Incongruent]:Time",Interaction,-0.0015476190476189906,0.0026945190282433957,-0.574358180958147,0.5657254456522383
