paradigm,ICC_intercept,ICC_slope_simple,ICC_slope_conditional,interpretation_intercept,interpretation_slope
IFR,0.9114510648938432,0.06556615937640088,0.680509425072651,Substantial,Small
ICR,0.8814042919201257,0.07436340916083663,0.49166960968741824,Substantial,Small
IRE,0.8468368173714361,0.06639602884622978,0.49037098638210486,Substantial,Small
