paradigm,ICC_intercept_confidence,ICC_intercept_accuracy,ICC_intercept_diff,ICC_slope_confidence,ICC_slope_accuracy,ICC_slope_diff,interpretation
IFR,0.9114510648938432,0.5014266526728113,0.4100244122210319,0.06556615937640088,0.0220512086444058,0.043514950731995086,Confidence and accuracy show SIMILAR slope variance
ICR,0.8814042919201257,0.4366261377988741,0.4447781541212516,0.07436340916083663,8.919071969028219e-05,0.07427421844114634,Confidence reveals MORE slope variance than accuracy
IRE,0.8468368173714361,0.5150253747880594,0.3318114425833767,0.06639602884622978,0.0138265894126103,0.052569439433619476,Confidence reveals MORE slope variance than accuracy
