,Education_z,VR_Experience_z,Typical_Sleep_z,Age_z
Education_z,1.0,0.10968578006949789,0.011505797818441296,-0.06400017757590498
VR_Experience_z,0.10968578006949789,1.0,-0.10122080576811085,-0.33672355351684446
Typical_Sleep_z,0.011505797818441296,-0.10122080576811085,1.0,-0.05023441042887959
Age_z,-0.06400017757590498,-0.33672355351684446,-0.05023441042887959,1.0
