alpha_level,min_f2,min_r2,min_effect_label
0.05,0.28294112187779075,0.2205410030537184,Medium
0.0167,0.32830032036115014,0.2471582031026605,Medium
