fold,train_r2,test_r2,rmse,mae,n_train,n_test
1,0.38481896488773637,-0.48779718753223333,0.681493459586849,0.5905799508803207,80,20
2,0.23653008986488933,0.37539508954819567,0.6411997305238489,0.5130832474873552,80,20
3,0.35499540230737825,-0.07818111460124766,0.6585385005794457,0.48562326795433497,80,20
4,0.2728275417645437,0.259595413583929,0.5030390773423464,0.3707477340740983,80,20
5,0.3310284852096451,-0.09259902926537866,0.6826267775505163,0.49957896037155186,80,20
