fold,train_R2,test_R2,rmse,mae
1,0.2574889338950278,-0.02319178668827515,0.33815185734599656,0.2765446836419714
2,0.2625525062034696,-0.02676326234177151,0.35706272103675063,0.22999191832517069
3,0.2728685761274703,-0.25712199786921985,0.34085324843583614,0.27705752625640845
4,0.1637988511299141,0.36841311343014627,0.2262359533400152,0.1984418413195467
5,0.2566445124595571,-0.2691141857231487,0.3477980086417028,0.2527045616024062
