predictor,sr2,cohens_f2,ci_lower,ci_upper,importance_rank
Overall_Model,0.2204538720480612,0.2827977256807731,0.1509982703450231,0.4294623459691549,0
RAVLT_T,0.0007888933244946,0.001011990562466417,1.5073544225677195e-05,0.04397122073967258,5
BVMT_T,0.0367151496858066,0.04709811051498186,0.0018924872681451738,0.11284037836007998,1
RPM_T,0.0263612245562162,0.03381611890687429,0.00014586216242798712,0.12191904237414371,3
RAVLT_Pct_Ret_T,0.0316507639526589,0.040601528014529834,0.0002925321065651632,0.10422278995417439,2
BVMT_Pct_Ret_T,0.0015555739984588,0.0019954867873510952,3.953406516479796e-06,0.028201762961490445,4
