predictor,r_pred_accuracy,r_pred_confidence,r_acc_conf,sr2_accuracy,sr2_confidence,sr2_difference,N,steiger_Z,p_value,significant_05
RPM_T,0.45690941036910426,0.3631777653805449,0.6060958494657369,0.06110105241863473,0.026361224556216256,0.03473982786241847,100,1.481083144197908,0.13858441893761064,False
BVMT_T,0.3635380404382795,0.363200219296692,0.6060958494657369,0.00824018500341439,0.03671514968580669,-0.0284749646823923,100,0.005155697429595725,0.9958863668449911,False
RAVLT_T,0.278636116841512,0.2027857660050363,0.6060958494657369,0.009072987689135448,0.0007888933244946106,0.008284094364640837,100,1.1028836785823781,0.2700776829397886,False
RAVLT_Pct_Ret_T,0.3652830928916,0.31183959839054215,0.6060958494657369,0.040175890911728906,0.03165076395265898,0.008525126959069929,100,0.8069607573124374,0.41968909253673115,False
BVMT_Pct_Ret_T,0.1954792224263703,0.129433516567127,0.6060958494657369,0.009781741923217235,0.001555573998458848,0.008226167924758387,100,0.9395985723448832,0.3474235088663771,False
