fold,train_r2,test_r2,rmse,mae,n_train,n_test
1,0.11435029875894898,-0.20421615920212588,0.7508030067958782,0.5302992053869074,80,20
2,0.09567310468181389,-0.14457563445449262,0.7941445098541179,0.5694872781342196,80,20
3,0.14231407884315372,-0.36798633824955473,0.8418605279985998,0.6667649996176472,80,20
4,0.07115037810263769,-0.01624913161149566,0.5031950206502838,0.3672536055009198,80,20
5,0.04001409137323231,-0.012848769630223078,0.7401102153459881,0.5739254800949587,80,20
