metric,train_mean,test_mean,gap,overfitting_flag
R²,0.09270039035195732,-0.1491752066295784,0.2418755969815357,True
RMSE,,0.7260226561289737,,False
MAE,,0.5415461137469306,,False
