measure,r2,f2,interpretation,source
calibration_quality,0.0714806776899149,0.0769835112446302,small,Current RQ (7.3.2)
accuracy,0.2488406162710741,0.3312753879686262,medium,RQ 7.3.1
