test_type,effect_size,power_achieved,power_adequate,min_detectable_effect,limitation_flag
Overall_F_Test_Model2,0.14275476172205884,0.5413415659878094,False,0.21313277354543825,Low_Power
Model_Comparison_Delta_R2,0.14151237359087016,0.5807814289141906,False,0.19993953490335564,Low_Power
Mediation_Analysis_Bootstrap,,0.5,False,,Insufficient_N_for_Mediation
Individual_Predictor_RPM_T,0.06766970611459502,0.43097511097955066,False,0.12552801192192495,Low_Power
Individual_Predictor_RAVLT_Pct_Ret_T,0.04255171741228776,0.23996515478143676,False,0.12552801192192495,Low_Power
Individual_Predictor_BVMT_T,0.008929672250683305,0.03888561144220126,False,0.12552801192192495,Low_Power
Individual_Predictor_RAVLT_T,0.012286100800719832,0.053375345002372065,False,0.12552801192192495,Low_Power
Individual_Predictor_BVMT_Pct_Ret_T,0.010075177012584214,0.043654731125544965,False,0.12552801192192495,Low_Power
Individual_Predictor_Age,0.0012423881311886761,0.011856154950377173,False,0.12552801192192495,Low_Power
