model,cv_R2_mean,cv_R2_sd,cv_RMSE_mean,cv_RMSE_sd,cv_MAE_mean,cv_MAE_sd,train_R2,test_R2,overfitting_gap,overfitting_flag,ci_R2_lower,ci_R2_upper
Model_1_Age_Only,-0.07223793845491736,0.10871125012600068,0.6742592222043534,0.34897860959817734,0.5379300418352367,0.05779911719513217,0.038669193414814805,-0.07223793845491736,0.11090713186973217,True,-0.23391309509212865,0.07854155006667687
Model_2_Age_Plus_Cognitive,0.0268584626173038,0.25317358541010293,0.6287894305871329,0.266042435442951,0.490174809073995,0.059462247244400385,0.30796757777500516,0.0268584626173038,0.2811091151577014,True,-0.1295533221975962,0.3547980625300199
