component,estimate
var_intercept,0.43460229121202526
var_slope,0.17949967808465905
cov_int_slope,-0.029627056110242644
var_residual,0.21846664016432707
corr_int_slope,-0.10607441789778653
