fold,train_R2,test_R2,train_RMSE,test_RMSE,test_MAE,train_size,test_size
1,0.10020333094544254,-0.08530760332880294,0.579558802650401,0.7639065282426879,0.6150188220287705,77,20
2,0.10275134239368,0.018043954619497482,0.5862778678617974,0.7471263385709918,0.652307614934665,77,20
3,0.14849146231965427,-0.5642603765292484,0.6267926556972812,0.6294365235671464,0.5418500142010481,78,19
4,0.0718524504410667,-0.36550005242616335,0.6387231900032618,0.5719277973221596,0.429943092483208,78,19
5,0.07191220041471358,0.14277476793781974,0.6387600643310212,0.5393513654775355,0.4538658477006569,78,19
