delta_R2,ci_lower,ci_upper,point_estimate,iterations
0.03194422035257216,0.00430083547822569,0.16787158693267173,0.05669194153466796,1000
