test_label,z_statistic,p_uncorrected,p_bonferroni,p_fdr,cohens_q,ci_lower,ci_upper,direction,n
bvmt_total,-0.9613531323127693,0.3363746410936961,1.0,1.0,0.028869139037901947,-0.35694085265090897,0.3063872996656033,What > Where,100
bvmt_pct_ret,-1.7983005358187534,0.07212939488736247,1.0,1.0,0.05093492307816119,-0.4687339441186574,0.36590518383539733,What > Where,100
