component,variance,SD
UID_intercept,0.00928242943223122,0.09634536539051175
UID_slope_Time,4.346183808476076e-07,0.0006592559297022725
Residual,0.15426182489370743,0.3927617915399962
