component,value
var_intercept,0.7193592597860571
var_slope,0.7653988613102037
cov_int_slope,-0.2547950252384709
var_residual,0.06793793469994891
ICC_slope,0.9184748171144945
ICC_conditional,0.49294828724074624
