predictor,beta,se,t,p_uncorrected,p_bonferroni,CI_lower,CI_upper
intercept,-2.100233232266254,0.3951552475055179,-5.314957211182996,7.546417192460081e-07,3.7732085962300406e-06,-2.8851605883598492,-1.3153058761726588
RAVLT_T,0.008397566683878829,0.005356972235475665,1.5675957079387735,0.12044643042853431,0.6022321521426716,-0.002243400581524861,0.019038533949282517
RAVLT_Pct_Ret_T,0.009412214554486327,0.00515449482357212,1.8260207598702294,0.07112661000170552,0.3556330500085276,-0.0008265562056263536,0.01965098531459901
BVMT_T,0.003112338803540857,0.005915391864404653,0.526142455966287,0.6000691973647087,1.0,-0.008637860455346296,0.014862538062428012
BVMT_Pct_Ret_T,0.0061994707567239625,0.00501460176692705,1.2362837658638246,0.2195345952116631,1.0,-0.0037614196316071618,0.016160361145055088
RPM_T,0.015044749977758985,0.005673705890198161,2.6516619417566476,0.009448544317028856,0.04724272158514428,0.0037746302165790127,0.026314869738938956
