predictor,beta,se,t,p_uncorrected,p_bonferroni,CI_lower,CI_upper,VIF
intercept,-0.09392008230353659,0.0394365171693854,-2.3815511369864786,0.019322899334713393,0.11593739600828036,-0.17225587905864131,-0.015584285548431873,
RAVLT_T,0.001364533942768189,0.0005346261472519277,2.5523142663001672,0.012367352802746505,0.07420411681647902,0.00030256477771211624,0.0024265031078242617,1.2289339118620104
RAVLT_Pct_Ret_T,-0.00036637302272828054,0.0005144188895187873,-0.7122075611784082,0.47815830230301715,2.868949813818103,-0.0013882029526697942,0.0006554569072132331,1.1377895828275169
BVMT_T,-3.147557760052098e-05,0.0005903564593836737,-0.05331622463042273,0.9575968243504455,5.745580946102673,-0.0012041461614837128,0.0011411950062826708,1.4985001024705034
BVMT_Pct_Ret_T,0.0002273732163382241,0.0005004575541573379,0.4543306709018936,0.6506726969557978,3.904036181734787,-0.0007667242359961299,0.0012214706686725781,1.0768684080341442
RPM_T,0.0007047019701190751,0.0005662361848040963,1.24453715433761,0.2164977298371488,1.2989863790228928,-0.00042005665138094,0.0018294605916190903,1.3785527099670583
