effect_size,f2_threshold,required_N_80pct,current_N_power
small,0.02,48659.76128531035,0.000451189004803787
medium,0.15,871.3257056343458,0.017092718478767033
large,0.35,165.2631100595865,0.42732326485420713
