model,shapiro_stat,shapiro_p,bp_stat,bp_p,dw_stat,max_vif,outlier_count
Model_1_Total,0.9842757605878368,0.2812793301672686,0.9335265048796226,0.3339482384772168,1.6768326813010592,,4
Model_2_Learning,0.9778069961778757,0.08956510313958575,0.08743128538982736,0.7674685016620417,1.6500627150853973,,7
Model_3_LearningSlope,0.9797483154835783,0.1270660754225617,0.3541155329215617,0.5517926215074433,1.6729299717943802,,6
Model_4_Forgetting,0.9799253018605172,0.13116569256179705,0.06784785542245375,0.794496464614977,1.653410442211406,,6
Model_5_Recognition,0.9803693881960012,0.14202342483845953,0.1443516447612314,0.7039926492416547,1.5410624258174799,,5
Model_6_PctRet,0.9775690606233856,0.0857977707742132,0.06100603428903506,0.804912870291983,1.6016627764988483,,6
Model_7_Combined,0.9874963780553064,0.47184716713350994,3.8441412264152097,0.14630370988563574,1.7545021000056962,1.0116913115094257,7
