delta_R2,F_stat,df1,df2,p_uncorrected,p_bonferroni,delta_R2_CI
0.043334220154784595,4.7818963868529005,1,97,0.031164797199368044,1.0,[0.0433]
