model,observed_f2,alpha,achieved_power,interpretation,adequate_power_flag
Model_1_Total,0.0841731259683867,0.0003571428571428572,0.002940554859602984,Low,False
Model_2_Learning,0.0323456802939295,0.0003571428571428572,0.0006151354392961439,Low,False
Model_3_LearningSlope,0.0766017335654309,0.0003571428571428572,0.0023480957969731486,Low,False
Model_4_Forgetting,0.1355398520402374,0.0003571428571428572,0.011978933868085906,Low,False
Model_5_Recognition,0.0289354359405273,0.0003571428571428572,0.0005604745351871498,Low,False
Model_6_PctRet,0.1207190637008009,0.0003571428571428572,0.008170510785640461,Low,False
Model_7_Combined,0.1376205852858222,0.0003571428571428572,0.012621296452670405,Low,False
