log_likelihood,AIC,BIC,ICC
-1269.4076497042734,2554.8152994085467,2595.5359140947553,0.5612692238305884
