component,variance,sd
intercept,0.4922623221930442,0.7016140835195971
residual,0.38478972572331716,0.6203142153161711
