domain,variance_between,variance_total,n_participants
What,0.0002432197408263984,0.0002432197408263984,100
Where,0.0004094238218208054,0.0004094238218208054,100
