domain,icc_value,variance_between,variance_total
What,1.0,0.0002432197408263984,0.0002432197408263984
Where,1.0,0.0004094238218208054,0.0004094238218208054
