mean_difference,ci_lower,ci_upper,iterations,seed
-0.0007150683361126595,-0.0018878598694742961,0.00044823061068892,1000,42
