skewness,kurtosis,shapiro_W,shapiro_p,log_transform_needed
0.28812623180928726,-0.2553498439746842,0.9769663298501534,0.5782373697859426,False
