Domain,r_xx_accuracy,r_yy_confidence,r_xy_correlation,r_diff_PRE_SEM,r_split_half_POST_SEM,r_full_length_POST_SEM,reliability_improvement,r_sem_vs_simple,method,n_observations
What,0.43114630112471136,0.6426332961262399,0.5706768376258724,-0.07869838378520462,0.7816256479286681,0.8774297213754103,0.956128105160615,0.9319216463027722,fallback_factor_score_regression,400
When,0.1322822768687461,0.547419889861133,0.08719421514338543,0.2767914844681248,,,,0.8766272681840415,fallback_factor_score_regression,400
Where,0.44536127438261597,0.6491155033534052,0.6020371321949409,-0.137698131559785,,,,0.9320619972345523,fallback_factor_score_regression,400
