Segment,paradigm,slope,SE,z_statistic,p_value,CI_lower,CI_upper,interpretation
Early,IFR,-0.3680007147073622,0.13465144123446546,-2.7329875665168037,0.006276270153134256,-0.6319175395269145,-0.10408388988780987,Significant decline (forgetting)
Early,ICR,-0.4197880065271531,0.134651441234463,-3.1175901474102576,0.0018233617420924109,-0.6837048313467005,-0.15587118170760567,Significant decline (forgetting)
Early,IRE,-0.3250408402068916,0.13465144123446676,-2.4139425261769185,0.015780951432095458,-0.5889576650264465,-0.06112401538733675,Significant decline (forgetting)
Late,IFR,-0.10204584407749068,0.020221506115278527,-5.046401761359857,4.502082091573101e-07,-0.1416799960634366,-0.06241169209154476,Significant decline (forgetting)
Late,ICR,-0.1222207730405088,0.020221506115278957,-6.044098414022746,1.502477919856915e-09,-0.16185492502645554,-0.08258662105456205,Significant decline (forgetting)
Late,IRE,-0.12433952763790083,0.020221506115279127,-6.1488757033755945,7.803409030060493e-10,-0.16397367962384793,-0.08470537565195374,Significant decline (forgetting)
