method,partial_correlation,p_value,significant
Pearson,0.2135144339855472,0.033838073900175,True
Spearman,0.23017101710171015,0.021234072369726537,True
