analysis_level,r,p_parametric,p_permutation,CI_lower,CI_upper,N,effect_size_category,r_partial,p_partial,interpretation
person,-0.014635707344119979,0.8850861318660539,0.8869113088691131,-0.2006179503580328,0.18864414558221385,100,weak,0.21351443398554726,0.03383807390017508,null
