r_observed,n_observed,power_observed,r_hypothesis,power_hypothesis,n_required_80pct
0.2135144339855472,100,0.5697831204816449,0.3,0.8618021541896128,170
