Paradigm,r_xx_accuracy,r_yy_confidence,r_xy_correlation,r_diff_PRE_SEM,r_split_half_POST_SEM,r_full_length_POST_SEM,reliability_improvement,r_sem_vs_simple,method,n_observations
ICR,0.39147032366358164,0.6374481674755006,0.557180987738034,-0.09647675683631052,,,,0.9153652637499969,fallback_factor_score_regression,400
IFR,0.4019445045133571,0.6600871446074068,0.5693865905097368,-0.089107224957941,0.8207103468555395,0.9015276353791788,0.9906348603371198,0.9087689073639131,fallback_factor_score_regression,400
IRE,0.4072410186663276,0.6232848644577558,0.5525133452463157,-0.08324360802397161,,,,0.9288608625027566,fallback_factor_score_regression,400
