intercept_z,slope_z,cluster_label
0.028719265984178437,-0.028608126493657536,0
1.17809321811024,-1.1782860182657295,1
-1.3839900384250508,1.38398002880683,2
