cluster_confidence,0,1,2
0,20.408163265306122,44.89795918367347,34.69387755102041
1,3.7037037037037033,66.66666666666666,29.629629629629626
2,58.333333333333336,16.666666666666664,25.0
