cluster_confidence,0,1,2
0,40.0,50.0,54.83870967741935
1,4.0,40.909090909090914,25.806451612903224
2,56.00000000000001,9.090909090909092,19.35483870967742
