intercept_dummy,var_intercept,var_slope,cov_intercept_slope,var_residual
all,0.42220991368927013,0.09787391197323078,-0.06540608270237551,0.31853750617977583
