dass_subscale,r_observed,r_corrected,restriction_ratio_u,interpretation
depression,0.04726770496689992,0.10806372894457905,0.4374058292134391,negligible
anxiety,0.20821733526858352,0.4716080467261905,0.4415050521592813,large
stress,0.1757323496923212,0.3919499327975994,0.4483540753228509,large
