analysis,r,p,N
day0,0.9576599472924621,8.502761891004602e-55,100
aggregated,0.9614909873948729,8.937295064969329e-57,100
