r_ya,r_yb,r_ab,N,Z,p_uncorrected,p_bonferroni
0.4291278901778046,0.35773322105746885,0.6222469469648038,97,1.1356559893298117,0.2561005665215075,0.2561005665215075
