correlation_type,r,p,N
day0,-0.20065176268667317,0.04531729606536278,100
aggregated,-0.19328923000638867,0.054004170721372896,100
