fold,r2_marginal,r2_conditional,rmse
1,-0.008228289135177702,,
2,0.0032926813921944076,,
3,0.09459328607114037,,
4,-0.056803966142519924,,
5,0.012538220469587746,,
