paradigm,icc_value,CI_lower,CI_upper,interpretation
free_recall,0.4507382269077933,0.40857059378707394,0.5436173177888443,Substantial
cued_recall,0.4098633465232627,0.3565559019667636,0.45512665510295586,Substantial
recognition,0.4617830148318541,0.4089713850283844,0.5318616808294937,Substantial
