,What,Where,When,RAVLT_T,RAVLT_Pct_Ret_T,BVMT_T,BVMT_Pct_Ret_T,RPM_T
What,1.0,0.9614909873948725,0.4488272689323802,0.32509696641598307,0.361745287483772,0.37342319531670226,0.230721226221465,0.44527190324263655
Where,0.9614909873948725,1.0,0.3717266215027216,0.25773925486105576,0.3618453412892091,0.34831601904471227,0.18196689072303412,0.4494457333576827
When,0.4488272689323802,0.3717266215027216,1.0,0.20334873314565505,0.12716581205292093,0.2286998175221562,0.04700877297951098,0.25321214279298737
RAVLT_T,0.32509696641598307,0.25773925486105576,0.20334873314565505,1.0,0.1940164602125786,0.38073334328639896,0.0441382785420235,0.28211817978691145
RAVLT_Pct_Ret_T,0.361745287483772,0.3618453412892091,0.12716581205292093,0.1940164602125786,1.0,0.2696223729829452,0.11401394970530143,0.3415270913168846
BVMT_T,0.37342319531670226,0.34831601904471227,0.2286998175221562,0.38073334328639896,0.2696223729829452,1.0,0.23775169268872828,0.48813967917454915
BVMT_Pct_Ret_T,0.230721226221465,0.18196689072303412,0.04700877297951098,0.0441382785420235,0.11401394970530143,0.23775169268872828,1.0,0.1689303717764128
RPM_T,0.44527190324263655,0.4494457333576827,0.25321214279298737,0.28211817978691145,0.3415270913168846,0.48813967917454915,0.1689303717764128,1.0
