comparison,r1,r2,r_diff,z_statistic,p_uncorrected,p_bonferroni,p_fdr,significance
RAVLT: What vs Where,0.32509696641598307,0.25773925486105576,0.06735771155492731,0.10319644122521338,0.9178070643244085,1.0,0.9998712966412893,ns
BVMT: Where vs What,0.34831601904471227,0.37342319531670226,-0.025107176271989995,-0.040450311021716735,0.9677341206500036,1.0,0.9998712966412893,ns
RPM: consistency test,0.44527190324263655,0.4494457333576827,0.1962335905646953,1.356595020518753,0.9941663399895149,1.0,0.9998712966412893,ns
RAVLT_Pct_Ret: What vs Where,0.361745287483772,0.3618453412892091,-0.00010005380543709474,-0.00016130573969168493,0.9998712966412893,1.0,0.9998712966412893,ns
BVMT_Pct_Ret: Where vs What,0.18196689072303412,0.230721226221465,-0.04875433549843086,-0.07136802651696146,0.9431048558441546,1.0,0.9998712966412893,ns
