term,estimate,SE,z,p_value,OR,OR_CI_lower,OR_CI_upper
Intercept,-0.09634749151940553,0.14904404050980968,-0.6464363901424438,0.5179967797531649,0.9081483873697613,0.6780946201545387,1.2162513445311514
time_ordinal,-0.1051532177253933,0.04538617068312662,-2.3168559088085057,0.020511582268655047,0.9001865874781207,0.8235685606320439,0.9839325236670227
