test_name,statistic,p_value
Shapiro-Wilk,0.9926781898593795,0.8679084417263738
Breusch-Pagan,4.596379125137151,0.4670927033988954
VIF_max,1.8469630896328295,
