loo_cv_r2,fold5_cv_r2,difference,correlation
0.0,0.0169058686941169,0.0169058686941169,1.0
