r2,adj_r2,f_stat,model_p_value
0.2481246335228754,0.2081312629655816,6.20414408851627,5.162689855038703e-05
