predictor,vif
Age,1.4278008210333006
RAVLT_T,1.1986020040698118
BVMT_T,1.8469630896328295
RPM_T,1.3518614614922815
Education,1.032473640855623
