location,r,N,t_statistic,df,p_uncorrected,p_bonferroni,significant_bonferroni
Source,0.9889608164876381,100,66.07094712549984,98,4.431374556591821e-83,8.862749113183643e-83,True
Destination,-0.9032610245937028,100,-20.838976749298492,98,8.676072721621509e-38,1.7352145443243019e-37,True
