mean_Delta_f2,se_Delta_f2,ci_lower,ci_upper,excludes_zero
-0.006134278532927219,0.006272620510129585,-0.019250338379519224,0.005548198145148781,False
