r12,r13,r23,n,z_statistic,p_uncorrected,p_bonferroni,significant,interpretation
0.39262578576841467,-0.14337703951602482,-0.23991902875263438,800,-10.549609683267091,0.0,0.0,True,"r13 (-0.14) significantly lower than r12 (0.39), z=-10.55, p=0.000"
