TEST,mean_gamma,threshold,t_statistic,df,p_uncorrected,p_bonferroni,exceeds_threshold
T1,0.728466717187473,0.5,18.989738428849616,99,4.4581484122940026e-35,1.783259364917601e-34,True
T2,0.6850821633330798,0.5,10.562477873960363,99,3.2539972837391684e-18,1.3015989134956673e-17,True
T3,0.6919064238856982,0.5,11.266788277908411,99,9.663477192298517e-20,3.8653908769194066e-19,True
T4,0.6623814912995428,0.5,8.152230112120764,99,5.65797861974667e-13,2.263191447898668e-12,True
