time_variable,coefficient,se,z_statistic,p_uncorrected,p_bonferroni
TSVR_days,-0.008493176681024171,0.003355657938764015,-2.5310019185544435,0.011373722647171354,0.011373722647171354
