term,beta,SE,t_value,p_value,CI_lower,CI_upper
Intercept,0.055765839693934886,0.05563373140755089,1.0023746076892852,0.3161627011908308,-0.0532742701904397,0.16480594957830946
confidence_z,0.5565906804281003,0.0435505901632948,12.780324637189524,2.111861936907891e-37,0.47123309220257814,0.6419482686536225
schema_Congruent,0.00807453999948582,0.05128704681845625,0.15743819346954682,0.8748995147312503,-0.09244622463810799,0.10859530463707963
schema_Incongruent,0.015220256700387094,0.05128647419631441,0.2967694102372291,0.7666425609932468,-0.08529938561843195,0.11573989901920614
confidence_z:schema_Congruent,0.02240042587293413,0.051225079779943054,0.43729411392161294,0.6618980635182357,-0.07799888560094521,0.12279973734681347
confidence_z:schema_Incongruent,0.025072203892602864,0.051451023494749934,0.48730233510634113,0.6260440931629246,-0.07576994912483115,0.12591435691003688
Group Var,0.451219017930078,0.08939081752168264,5.047711056234946,4.471346984123873e-07,0.27601623503898803,0.6264218008211679
