term,coefficient,SE,z,p_uncorrected,p_bonferroni,significant_bonferroni
"TSVR_hours:Age_c:C(paradigm, Treatment('IFR'))[T.ICR]",3.0720457141611373e-05,8.276498110053084e-05,0.3711769969994512,0.7105057050223227,1.0,False
"TSVR_hours:Age_c:C(paradigm, Treatment('IFR'))[T.IRE]",-1.844043654898186e-05,8.276498110053084e-05,-0.2228048179770995,0.823687418058511,1.0,False
"log_TSVR:Age_c:C(paradigm, Treatment('IFR'))[T.ICR]",-0.0010438389375062,0.0028978814264602,-0.3602076082116683,0.7186918855425319,1.0,False
"log_TSVR:Age_c:C(paradigm, Treatment('IFR'))[T.IRE]",0.000742688088492,0.0028978814264602,0.2562865691158361,0.7977295673089306,1.0,False
