contrast,irt_lmm_beta,irt_lmm_p,glmm_beta,glmm_p,change
When,1.3791667693651898e-05,0.5395520675819028,0.0,0.014,NULL → SIGNIFICANT ⚠️
Where,2.5088495810156333e-05,0.2644205052936937,0.0,0.006,NULL → SIGNIFICANT ⚠️
