r_ravlt_rememvr,p_ravlt_rememvr,n_participants,r_age_pctret,p_age_pctret,r_pctret_rememvr,n_pctret
0.3179536646237314,0.0012656886062405227,100,-0.18816886156122872,0.060818107710179675,0.36528309289160005,100
