correlation_difference,ci_lower,ci_upper,power_achieved,minimum_detectable,effect_size_category
0.015696412736494608,-0.21572354966072008,0.23505955942457063,0.06366778110108862,0.24364685869279293,Negligible
