metric,levene_statistic,levene_p
abs_calibration,0.5886333103127154,0.5570557810584404
mean_gamma,6.3466908370231705,0.002568493580934223
