variable,shapiro_statistic,shapiro_p
baseline_accuracy,0.9899172419204522,0.6579033003443785
abs_calibration,0.8754362882140283,1.1690947257293812e-07
mean_gamma,0.9063064855811119,2.833420457791943e-06
