tertile,N,mean_calibration,sd_calibration,t_statistic,df,p_uncorrected,p_bonferroni,CI_lower,CI_upper
Low,33,0.25226269732609474,0.7393239097499605,1.9600865724260308,32,0.058742288589533606,0.1762268657686008,-0.009890162003335146,0.5144155566555246
Med,33,-0.07176029346238057,0.6376143751882832,-0.646521655360843,32,0.5225519819454647,1.0,-0.2978485200174873,0.15432793309272613
High,34,-0.17519350963242858,0.644890115877184,-1.5840604496880766,33,0.1227177594595884,0.3681532783787652,-0.4002063085008056,0.049819289235948416
