metric,tertile,shapiro_statistic,shapiro_p
abs_calibration,Low,0.8482217704611015,0.00031116502342488396
abs_calibration,Med,0.9482813958940328,0.11851581511766884
abs_calibration,High,0.8305604689867885,0.0001059854675121425
mean_gamma,Low,0.9528897837614947,0.1614969168801869
mean_gamma,Med,0.9735080612016445,0.5827691100414345
mean_gamma,High,0.9637432686121761,0.3115550410258
