component,value,SE
var_intercept,0.6140309769927124,
var_slope,0.08491649416245167,
cov_int_slope,-0.22687230167382957,
var_residual,0.23661801772270588,
