Domain,Correlation,CI_Lower,CI_Upper
Where,0.3483160190447122,0.1792273881367255,0.5118447660212279
What,0.3734231953167022,0.2054574663556246,0.5361682407876345
