model1_train,model1_test,model2_train,model2_test,model3_train,model3_test
0.04474631039685817,-0.14125539670929377,0.3194701558798704,0.011013027415619603,0.3935830863140357,0.05529135995293144
0.10286332802009723,-0.20942334558257136,0.3573409372419347,-0.10704106327280649,0.4112967471189557,-0.11240612918701176
0.07609453588844128,-0.39260897090624236,0.2858575349609713,0.04314085882771623,0.38210398468277174,-0.2186735247074285
0.022540755031959292,-0.39999616526020754,0.3324261370067958,-0.7773142246989531,0.4364846190810764,-1.604459342839864
0.0254313550061539,0.058295035110693894,0.2724745124307113,0.009847028698272142,0.32434437346624334,0.18095313921603073
