Block,Cohens_f2,Interpretation,R2,R2_CI_lower,R2_CI_upper
Demographics,0.04395628379830813,small,0.04210548322807017,0.008131450849973713,0.18328796956448912
Cognitive,0.3366376680023897,medium,0.2833551382675703,0.21290049575348513,0.5144917408738395
Self-report,0.10124881668892988,small,0.34924346716927224,0.30038401332856324,0.5944319021125877
Total,0.5366730098737497,large,0.34924346716927224,0.30038401332856324,0.5944319021125877
