approach,interaction_beta,interaction_se,p_uncorrected,p_bonferroni,cohens_f2,null_robust
Log-only,0.0606613473956846,0.1189015430865205,0.609924430788948,1.0,0.0004958046625547,True
Model-Averaged (13 models),-1.12289985989024e-15,0.001934851437984901,0.9999999999995369,1.0,4.210142728402082e-28,True
