analysis,N,spearman_rho,p_value,delta_rho
full_sample,100,-0.6347674767476746,1.3232233438248035e-12,0.0
exclude_influential,93,-0.6818507355793618,5.31314580317508e-14,-0.04708325883168718
trimmed_5pct,90,-0.5798987529324607,2.105296917573225e-09,0.054868723815213905
