Profile,N,What_Mean,What_SE,Where_Mean,Where_SE
0,100,4.440892098500626e-18,0.09805086992957773,-4.218847493575595e-17,0.09756589104608566
