component,value,sd
Var(Intercept),0.42267638324172885,0.6501356652589741
Var(TSVR_hours),1.0111548001886996e-08,0.00010055619325475182
"Cov(Intercept, TSVR_hours)",-6.52839024126409e-05,
