Effect,IRT_LMM_p,GLMM_p,GLMM_beta,GLMM_SE,Significance_Changed,Both_NULL
Congruent vs Common,0.66,0.002528715681317015,0.024783183413416756,0.00820666752183267,True,False
Incongruent vs Common,0.921,1.5695372085388147e-10,-0.05251001890475146,0.00820666752183267,True,False
