Schema,r_xx_accuracy,r_yy_confidence,r_xy_correlation,r_diff_PRE_SEM,r_split_half_POST_SEM,r_full_length_POST_SEM,reliability_improvement,r_sem_vs_simple,method,n_observations
Common,0.548491624811821,0.6404118813243936,0.7105975410606409,-0.4013296515109106,,0.7267370722034955,1.1280667237144062,0.9827885044169793,fallback_factor_score_regression,400
Congruent,0.5201251333667739,0.5772395015516013,0.7504329709413285,-0.8084026733944522,,0.4890195647886562,1.2974222381831084,0.9906334046347703,fallback_factor_score_regression,400
Incongruent,0.5339272104488778,0.6382237013352023,0.684423438533971,-0.3116453965562266,,0.737941338399218,1.0495867349554446,0.9795174561123727,fallback_factor_score_regression,400
