fold,train_r2,test_r2,rmse,mae,generalization_gap,overfitting
1,0.18240890229230267,0.09465348010529351,0.03867406084175992,0.028898278821516188,0.08775542218700916,False
2,0.2375450104201715,-0.560031959603301,0.03524607879713716,0.027879029450835584,0.7975769700234725,True
3,0.2458838448428139,-0.5151302407980245,0.03701625019341026,0.029663831741424902,0.7610140856408384,True
4,0.20187385159860183,-0.3354245961162867,0.02966211895553706,0.025231359754938166,0.5372984477148885,True
5,0.15055544040027558,0.06145984051002318,0.04400424165259858,0.03250631669613674,0.0890955998902524,False
