effect,f2,ci_lower,ci_upper,bootstrap_iterations
incremental_cognitive_f2,0.19689065087529875,0.06490455498689465,0.7590331801141933,1000
