model,mean_test_R2,sd_test_R2,train_R2,generalization_gap,rmse_mean,mae_mean,overfitting_flag
RAVLT_T_reverse,-0.053924314127384035,0.14581155577681684,0.07763808560851626,0.13156239973590028,9.720012360073026,7.886569519657256,True
BVMT_T_reverse,0.013796544184692384,0.17074387123697254,0.1321599068457041,0.11836336266101173,9.446024733327098,7.304630344854971,True
RAVLT_PctRet_T_reverse,0.06504563963119603,0.06976238921010613,0.10771572253100292,0.042670082899806894,9.439879211083051,7.816213077131313,False
BVMT_PctRet_T_reverse,-0.04063217838798035,0.0669471288411094,0.03821212640041838,0.07884430478839873,9.923626619003597,6.375427026813456,False
