domain,R2,AIC
What,0.2307332578008089,176.6305293416034
Where,0.2283906058576429,187.0523509698028
When,0.1005934418388955,29.357571876267485
