fold,train_r2,test_r2,rmse,mae,n_train,n_test,overfitting_flag
1,0.4122714352478867,-0.6398604452304271,0.004134070793826977,0.003441991862559993,80,20,True
2,0.30726544619189533,0.35944828214585656,0.004190992753833179,0.003004475711071414,80,20,False
3,0.3751866417218118,0.015658012887993955,0.004082744498215821,0.002857323542944189,80,20,True
4,0.3231760734086505,0.23397861297787403,0.0037671349950974013,0.002924504344729072,80,20,False
5,0.3337434323403864,0.15394403680617397,0.0042689669182552625,0.003115224362970118,80,20,True
