analysis_type,n,k_predictors,r2,f2,power_alpha_0.05,power_alpha_0.00179,min_detectable_f2_0.80_alpha_0.05,min_detectable_f2_0.80_alpha_0.00179,interpretation,adequate_power_0.05,adequate_power_0.00179
Overall Model,100,8,0.3358151305801761,0.505604909177645,0.998840425865032,0.9645604190746427,0.28294112187779075,0.40660883152603894,large (f² >= 0.35),True,True
Incremental Cognitive,100,5,0.2864423420844739,0.43126899643872624,0.9895587044876787,0.8603595201375384,0.28294112187779075,0.40660883152603894,large (f² >= 0.35),True,True
