z_statistic,p_uncorrected,p_bonferroni,p_fdr,cohens_q,diff_ci_lower,diff_ci_upper,n_participants
0.6756598375666183,0.4992566408335042,0.4992566408335042,0.4992566408335042,0.014610908913563925,-0.016964480639830158,0.041359561294013615,100
