DV,F_stat,p_uncorrected,p_bonferroni,eta_squared,method
education,0.026889729065355635,0.973475834673108,1.0,0.0005541201839946063,tertile_grouping
rpm,2.1165233014847207,0.1259787273929037,0.7558723643574221,0.04181486920542087,tertile_grouping
age,0.08980322040242533,0.914186954999355,1.0,0.0018481906583379124,tertile_grouping
