model,test_r2_mean,test_r2_sd,rmse_mean,mae_mean,train_test_gap,shrinkage,overfitting_flag
theta_accuracy,-0.11100617056670736,0.0907494097654434,0.6833581259807092,0.548681561659557,0.16578404916254785,3.0264780859026645,YES
confidence,-0.10480241507504587,0.15045469156544214,0.8112271317084808,0.650751882686184,0.14574455937573833,3.559768592122161,YES
calibration,-0.06219985249832325,0.034063994042089665,0.7009970970516411,0.530776931508815,0.10265371510611834,2.537550396642172,YES
