fold,train_r2,test_r2,train_n,test_n,generalization_gap
1,0.2856950985549831,0.09051916018758854,77,20,0.19517593836739455
2,0.3005276701432925,0.13971538380540793,77,20,0.16081228633788458
3,0.2773617699886488,0.14821199984834332,78,19,0.1291497701403055
4,0.32207510693966634,-0.6572681891860175,78,19,0.9793432961256838
5,0.22801748346545403,0.4713069261277245,78,19,-0.24328944266227048
