cluster,Intercept_z_center,Slope_z_center
0,-1.3957815604838384,-0.2854736001236387
1,0.6712381547137078,-0.6161746112961821
2,0.17290516789331667,1.1047910612942895
