Intercept_z_center,Slope_z_center,cluster
-1.3957815604838384,-0.2854736001236387,0
0.6712381547137078,-0.6161746112961821,1
0.1729051678933166,1.1047910612942895,2
