fold,r_squared_cv,n_train,n_test,mean_cv_r_squared,se_cv_r_squared
1,-0.1286475177616564,80,20,-0.09643815524510424,0.04179164138649044
2,-0.09059565118149915,80,20,-0.09643815524510424,0.04179164138649044
3,-0.21517348296523875,80,20,-0.09643815524510424,0.04179164138649044
4,-0.11866721327697549,80,20,-0.09643815524510424,0.04179164138649044
5,0.07089308895984858,80,20,-0.09643815524510424,0.04179164138649044
