fold,r_squared_cv,mse_cv,n_train,n_test,train_r2,test_r2,mean_cv_r_squared,se_cv_r_squared,mean_cv_mse,se_cv_mse
1,-0.1286475177616564,0.918376269011772,80,20,0.06185046875834255,-0.1286475177616564,-0.09643815524510424,0.04179164138649044,0.6916424978830271,0.08514178704415157
2,-0.09059565118149915,0.8877549665760037,80,20,0.04924145947295144,-0.09059565118149915,-0.09643815524510424,0.04179164138649044,0.6916424978830271,0.08514178704415157
3,-0.21517348296523875,0.6920878272334215,80,20,0.059700932895689895,-0.21517348296523875,-0.09643815524510424,0.04179164138649044,0.6916424978830271,0.08514178704415157
4,-0.11866721327697549,0.5097601102414477,80,20,0.03152149228949552,-0.11866721327697549,-0.09643815524510424,0.04179164138649044,0.6916424978830271,0.08514178704415157
5,0.07089308895984858,0.4502333163524906,80,20,0.009579028632175746,0.07089308895984858,-0.09643815524510424,0.04179164138649044,0.6916424978830271,0.08514178704415157
