domain,ICC_intercept,ICC_slope_simple,ICC_slope_conditional
what,0.5338662052972499,0.1650146503093923,0.8966183373448363
where,0.5648246166213498,0.22838457426004122,0.9280757895154637
