UID,REMEMVR_theta,RAVLT_Total,RAVLT_Pct_Ret,Age,Education,VR_Experience,NART_Score,RAVLT_z,REMEMVR_z,RAVLT_Pct_Ret_z,RAVLT_low,REMEMVR_normal
A017,0.3353329775,41,90.0,24,8,1,6.0,-1.2615481921677902,0.4886983861490213,0.456473974403097,1,1
A041,0.109736675,38,75.0,35,6,0,,-1.616913880102379,0.1537524031347797,-0.5628091063172985,1,1
A049,0.4953288965,43,81.81818181818183,35,5,3,28.0,-1.024637733544731,0.7262465630200582,-0.0994986150807544,1,1
A058,-0.252483834,42,90.0,42,6,0,27.0,-1.1430929628562605,-0.3840414485837071,0.456473974403097,1,1
A075,-0.291115765,42,69.23076923076923,53,6,0,27.0,-1.1430929628562605,-0.441398816417931,-0.954841060440528,1,1
A084,-0.0109190895,41,72.72727272727273,59,5,3,28.0,-1.2615481921677902,-0.0253868965742095,-0.7172459367294792,1,1
A097,0.142418974,28,80.0,64,6,0,35.0,-2.801466173217675,0.2022762691929141,-0.2230480794105,1,1
