domain1,domain2,correlation,p_value
What,Where,0.9614909873948729,8.937295064969329e-57
What,When,0.4488272689323801,2.8200272656251186e-06
Where,When,0.3717266215027217,0.0001401371184261681
