domain,normality_p,homoscedasticity_p,vif_max,outliers_n
What,,0.17613771990533844,1.8300881711633823,0
Where,,0.22902541968904125,1.8300881711633823,0
When,,0.8256937601235566,1.8300881711633823,0
