domain,cv_r2_mean,cv_r2_std,overfitting_flag
What,0.07072739047458151,0.2563262045319309,True
Where,0.032264223926054394,0.21372375729968685,True
When,0.027061282219381776,0.10456508517147015,False
