correlation_type,r,p,N
day0,-0.2006517626866731,0.0453172960653627,100
aggregated,-0.1932892300063886,0.0540041707213728,100
