group_var,residual_var
0.2616110401968687,0.4003124176949594
