congruence,r_xx,r_yy,r_xy,r_diff,interpretation
Common,0.8,0.75,0.5050623032984383,0.5453973267757157,QUESTIONABLE (0.50-0.70)
Congruent,0.8,0.75,0.5388101396117925,0.5121315117149242,QUESTIONABLE (0.50-0.70)
Incongruent,0.8,0.75,0.4984826593984309,0.5513614748991272,QUESTIONABLE (0.50-0.70)
