effect_size,f_squared,power,N_obs,alpha
observed,0.0500043562202898,0.9999999664416391,1200,0.05
small,0.02,0.9951864585611659,1200,0.05
medium,0.15,1.0,1200,0.05
large,0.35,1.0,1200,0.05
