comparison,younger_theta,older_theta,difference,age_younger,age_older,tsvr_hours
Older vs Younger at Day 6,-0.4099921856150834,-0.6889344472670121,-0.27894226165192876,29.990884592657686,59.149115407342315,246.24
