term,estimate,se,z,p_uncorrected,p_bonferroni,significant_bonferroni
Days,-0.4008837867894558,0.028959753497878226,-13.842790023016843,1.4063998246921602e-43,2.8127996493843204e-43,True
Days_squared,0.03435748080296452,0.0040786899136441655,8.423656009747337,3.6491462812644027e-17,7.298292562528805e-17,True
