segment,slope,se,ratio_value,two_phase_evidence
Early,-0.24282390358258793,0.05784733049065158,,
Late,-0.23300086163583178,0.015691101769480992,,
Ratio,,,0.9595466434653737,False
